{"nodes":{"node:1":{"location":{"x":1520,"y":691}},"node:12":{"location":{"x":2056,"y":871}},"node:6":{"location":{"x":2056,"y":769}}},"selection":null,"view":{"scroll":{"x":672.3653564453125,"y":187.110443115234375},"zoom":1}}