{"nodes":null,"selection":null,"view":{"scroll":{"x":1327.1497802734375,"y":219.440170288085938},"zoom":1}}