{"nodes":{"node:1":{"location":{"x":2289,"y":686}}},"selection":null,"view":{"scroll":{"x":1331.1497802734375,"y":220.440170288085938},"zoom":1}}